km,mode,scenario,gate_price_asrec_eurpt,delivered_cost_asrec_eurpt,GM_farm_asrec_eurpt
0,tractor,base,23.61,9.83,13.78
0,tractor,withC,66.66,9.83,56.83
0,truck,base,23.61,9.88,13.73
0,truck,withC,66.66,9.88,56.78
1,tractor,base,23.61,10.16,13.45
1,tractor,withC,66.66,10.16,56.50
1,truck,base,23.61,10.08,13.53
1,truck,withC,66.66,10.08,56.58
2,tractor,base,23.61,10.48,13.13
2,tractor,withC,66.66,10.48,56.18
2,truck,base,23.61,10.27,13.34
2,truck,withC,66.66,10.27,56.39
3,tractor,base,23.61,10.81,12.80
3,tractor,withC,66.66,10.81,55.85
3,truck,base,23.61,10.46,13.15
3,truck,withC,66.66,10.46,56.20
4,tractor,base,23.61,11.14,12.47
4,tractor,withC,66.66,11.14,55.52
4,truck,base,23.61,10.66,12.95
4,truck,withC,66.66,10.66,56.00
5,tractor,base,23.61,11.46,12.15
5,tractor,withC,66.66,11.46,55.20
5,truck,base,23.61,10.85,12.76
5,truck,withC,66.66,10.85,55.81
6,tractor,base,23.61,11.79,11.82
6,tractor,withC,66.66,11.79,54.87
6,truck,base,23.61,11.04,12.57
6,truck,withC,66.66,11.04,55.62
7,tractor,base,23.61,12.12,11.49
7,tractor,withC,66.66,12.12,54.54
7,truck,base,23.61,11.24,12.37
7,truck,withC,66.66,11.24,55.42
8,tractor,base,23.61,12.44,11.17
8,tractor,withC,66.66,12.44,54.22
8,truck,base,23.61,11.43,12.18
8,truck,withC,66.66,11.43,55.23
9,tractor,base,23.61,12.77,10.84
9,tractor,withC,66.66,12.77,53.89
9,truck,base,23.61,11.62,11.99
9,truck,withC,66.66,11.62,55.04
10,tractor,base,23.61,13.10,10.51
10,tractor,withC,66.66,13.10,53.56
10,truck,base,23.61,11.82,11.79
10,truck,withC,66.66,11.82,54.84
11,tractor,base,23.61,13.42,10.19
11,tractor,withC,66.66,13.42,53.24
11,truck,base,23.61,12.01,11.60
11,truck,withC,66.66,12.01,54.65
12,tractor,base,23.61,13.75,9.86
12,tractor,withC,66.66,13.75,52.91
12,truck,base,23.61,12.20,11.41
12,truck,withC,66.66,12.20,54.46
13,tractor,base,23.61,14.08,9.53
13,tractor,withC,66.66,14.08,52.58
13,truck,base,23.61,12.40,11.21
13,truck,withC,66.66,12.40,54.26
14,tractor,base,23.61,14.40,9.21
14,tractor,withC,66.66,14.40,52.26
14,truck,base,23.61,12.59,11.02
14,truck,withC,66.66,12.59,54.07
15,tractor,base,23.61,14.73,8.88
15,tractor,withC,66.66,14.73,51.93
15,truck,base,23.61,12.78,10.83
15,truck,withC,66.66,12.78,53.88
16,tractor,base,23.61,15.06,8.55
16,tractor,withC,66.66,15.06,51.60
16,truck,base,23.61,12.98,10.63
16,truck,withC,66.66,12.98,53.68
17,tractor,base,23.61,15.38,8.23
17,tractor,withC,66.66,15.38,51.28
17,truck,base,23.61,13.17,10.44
17,truck,withC,66.66,13.17,53.49
18,tractor,base,23.61,15.71,7.90
18,tractor,withC,66.66,15.71,50.95
18,truck,base,23.61,13.36,10.25
18,truck,withC,66.66,13.36,53.30
19,tractor,base,23.61,16.04,7.57
19,tractor,withC,66.66,16.04,50.62
19,truck,base,23.61,13.56,10.05
19,truck,withC,66.66,13.56,53.10
20,tractor,base,23.61,16.36,7.25
20,tractor,withC,66.66,16.36,50.30
20,truck,base,23.61,13.75,9.86
20,truck,withC,66.66,13.75,52.91
21,tractor,base,23.61,16.69,6.92
21,tractor,withC,66.66,16.69,49.97
21,truck,base,23.61,13.94,9.67
21,truck,withC,66.66,13.94,52.72
22,tractor,base,23.61,17.02,6.59
22,tractor,withC,66.66,17.02,49.64
22,truck,base,23.61,14.14,9.47
22,truck,withC,66.66,14.14,52.52
23,tractor,base,23.61,17.34,6.27
23,tractor,withC,66.66,17.34,49.32
23,truck,base,23.61,14.33,9.28
23,truck,withC,66.66,14.33,52.33
24,tractor,base,23.61,17.67,5.94
24,tractor,withC,66.66,17.67,48.99
24,truck,base,23.61,14.52,9.09
24,truck,withC,66.66,14.52,52.14
25,tractor,base,23.61,18.00,5.61
25,tractor,withC,66.66,18.00,48.66
25,truck,base,23.61,14.72,8.89
25,truck,withC,66.66,14.72,51.94
26,tractor,base,23.61,18.32,5.29
26,tractor,withC,66.66,18.32,48.34
26,truck,base,23.61,14.91,8.70
26,truck,withC,66.66,14.91,51.75
27,tractor,base,23.61,18.65,4.96
27,tractor,withC,66.66,18.65,48.01
27,truck,base,23.61,15.11,8.50
27,truck,withC,66.66,15.11,51.55
28,tractor,base,23.61,18.98,4.63
28,tractor,withC,66.66,18.98,47.68
28,truck,base,23.61,15.30,8.31
28,truck,withC,66.66,15.30,51.36
29,tractor,base,23.61,19.30,4.31
29,tractor,withC,66.66,19.30,47.36
29,truck,base,23.61,15.49,8.12
29,truck,withC,66.66,15.49,51.17
30,tractor,base,23.61,19.63,3.98
30,tractor,withC,66.66,19.63,47.03
30,truck,base,23.61,15.69,7.92
30,truck,withC,66.66,15.69,50.97
31,tractor,base,23.61,19.95,3.66
31,tractor,withC,66.66,19.95,46.71
31,truck,base,23.61,15.88,7.73
31,truck,withC,66.66,15.88,50.78
32,tractor,base,23.61,20.28,3.33
32,tractor,withC,66.66,20.28,46.38
32,truck,base,23.61,16.07,7.54
32,truck,withC,66.66,16.07,50.59
33,tractor,base,23.61,20.61,3.00
33,tractor,withC,66.66,20.61,46.05
33,truck,base,23.61,16.27,7.34
33,truck,withC,66.66,16.27,50.39
34,tractor,base,23.61,20.93,2.68
34,tractor,withC,66.66,20.93,45.73
34,truck,base,23.61,16.46,7.15
34,truck,withC,66.66,16.46,50.20
35,tractor,base,23.61,21.26,2.35
35,tractor,withC,66.66,21.26,45.40
35,truck,base,23.61,16.65,6.96
35,truck,withC,66.66,16.65,50.01
36,tractor,base,23.61,21.59,2.02
36,tractor,withC,66.66,21.59,45.07
36,truck,base,23.61,16.85,6.76
36,truck,withC,66.66,16.85,49.81
37,tractor,base,23.61,21.91,1.70
37,tractor,withC,66.66,21.91,44.75
37,truck,base,23.61,17.04,6.57
37,truck,withC,66.66,17.04,49.62
38,tractor,base,23.61,22.24,1.37
38,tractor,withC,66.66,22.24,44.42
38,truck,base,23.61,17.23,6.38
38,truck,withC,66.66,17.23,49.43
39,tractor,base,23.61,22.57,1.04
39,tractor,withC,66.66,22.57,44.09
39,truck,base,23.61,17.43,6.18
39,truck,withC,66.66,17.43,49.23
40,tractor,base,23.61,22.89,0.72
40,tractor,withC,66.66,22.89,43.77
40,truck,base,23.61,17.62,5.99
40,truck,withC,66.66,17.62,49.04
41,tractor,base,23.61,23.22,0.39
41,tractor,withC,66.66,23.22,43.44
41,truck,base,23.61,17.81,5.80
41,truck,withC,66.66,17.81,48.85
42,tractor,base,23.61,23.55,0.06
42,tractor,withC,66.66,23.55,43.11
42,truck,base,23.61,18.01,5.60
42,truck,withC,66.66,18.01,48.65
43,tractor,base,23.61,23.87,-0.26
43,tractor,withC,66.66,23.87,42.79
43,truck,base,23.61,18.20,5.41
43,truck,withC,66.66,18.20,48.46
44,tractor,base,23.61,24.20,-0.59
44,tractor,withC,66.66,24.20,42.46
44,truck,base,23.61,18.39,5.22
44,truck,withC,66.66,18.39,48.27
45,tractor,base,23.61,24.53,-0.92
45,tractor,withC,66.66,24.53,42.13
45,truck,base,23.61,18.59,5.02
45,truck,withC,66.66,18.59,48.07
46,tractor,base,23.61,24.85,-1.24
46,tractor,withC,66.66,24.85,41.81
46,truck,base,23.61,18.78,4.83
46,truck,withC,66.66,18.78,47.88
47,tractor,base,23.61,25.18,-1.57
47,tractor,withC,66.66,25.18,41.48
47,truck,base,23.61,18.97,4.64
47,truck,withC,66.66,18.97,47.69
48,tractor,base,23.61,25.51,-1.90
48,tractor,withC,66.66,25.51,41.15
48,truck,base,23.61,19.17,4.44
48,truck,withC,66.66,19.17,47.49
49,tractor,base,23.61,25.83,-2.22
49,tractor,withC,66.66,25.83,40.83
49,truck,base,23.61,19.36,4.25
49,truck,withC,66.66,19.36,47.30
50,tractor,base,23.61,26.16,-2.55
50,tractor,withC,66.66,26.16,40.50
50,truck,base,23.61,19.55,4.06
50,truck,withC,66.66,19.55,47.11
51,tractor,base,23.61,26.49,-2.88
51,tractor,withC,66.66,26.49,40.17
51,truck,base,23.61,19.75,3.86
51,truck,withC,66.66,19.75,46.91
52,tractor,base,23.61,26.81,-3.20
52,tractor,withC,66.66,26.81,39.85
52,truck,base,23.61,19.94,3.67
52,truck,withC,66.66,19.94,46.72
53,tractor,base,23.61,27.14,-3.53
53,tractor,withC,66.66,27.14,39.52
53,truck,base,23.61,20.13,3.48
53,truck,withC,66.66,20.13,46.53
54,tractor,base,23.61,27.47,-3.86
54,tractor,withC,66.66,27.47,39.19
54,truck,base,23.61,20.33,3.28
54,truck,withC,66.66,20.33,46.33
55,tractor,base,23.61,27.79,-4.18
55,tractor,withC,66.66,27.79,38.87
55,truck,base,23.61,20.52,3.09
55,truck,withC,66.66,20.52,46.14
56,tractor,base,23.61,28.12,-4.51
56,tractor,withC,66.66,28.12,38.54
56,truck,base,23.61,20.71,2.90
56,truck,withC,66.66,20.71,45.95
57,tractor,base,23.61,28.45,-4.84
57,tractor,withC,66.66,28.45,38.21
57,truck,base,23.61,20.91,2.70
57,truck,withC,66.66,20.91,45.75
58,tractor,base,23.61,28.77,-5.16
58,tractor,withC,66.66,28.77,37.89
58,truck,base,23.61,21.10,2.51
58,truck,withC,66.66,21.10,45.56
59,tractor,base,23.61,29.10,-5.49
59,tractor,withC,66.66,29.10,37.56
59,truck,base,23.61,21.29,2.32
59,truck,withC,66.66,21.29,45.37
60,tractor,base,23.61,29.43,-5.82
60,tractor,withC,66.66,29.43,37.23
60,truck,base,23.61,21.49,2.12
60,truck,withC,66.66,21.49,45.17
61,tractor,base,23.61,29.75,-6.14
61,tractor,withC,66.66,29.75,36.91
61,truck,base,23.61,21.68,1.93
61,truck,withC,66.66,21.68,44.98
62,tractor,base,23.61,30.08,-6.47
62,tractor,withC,66.66,30.08,36.58
62,truck,base,23.61,21.87,1.74
62,truck,withC,66.66,21.87,44.79
63,tractor,base,23.61,30.41,-6.80
63,tractor,withC,66.66,30.41,36.25
63,truck,base,23.61,22.07,1.54
63,truck,withC,66.66,22.07,44.59
64,tractor,base,23.61,30.73,-7.12
64,tractor,withC,66.66,30.73,35.93
64,truck,base,23.61,22.26,1.35
64,truck,withC,66.66,22.26,44.40
65,tractor,base,23.61,31.06,-7.45
65,tractor,withC,66.66,31.06,35.60
65,truck,base,23.61,22.45,1.16
65,truck,withC,66.66,22.45,44.21
66,tractor,base,23.61,31.39,-7.78
66,tractor,withC,66.66,31.39,35.27
66,truck,base,23.61,22.65,0.96
66,truck,withC,66.66,22.65,44.01
67,tractor,base,23.61,31.71,-8.10
67,tractor,withC,66.66,31.71,34.95
67,truck,base,23.61,22.84,0.77
67,truck,withC,66.66,22.84,43.82
68,tractor,base,23.61,32.04,-8.43
68,tractor,withC,66.66,32.04,34.62
68,truck,base,23.61,23.03,0.58
68,truck,withC,66.66,23.03,43.63
69,tractor,base,23.61,32.37,-8.76
69,tractor,withC,66.66,32.37,34.29
69,truck,base,23.61,23.23,0.38
69,truck,withC,66.66,23.23,43.43
70,tractor,base,23.61,32.69,-9.08
70,tractor,withC,66.66,32.69,33.97
70,truck,base,23.61,23.42,0.19
70,truck,withC,66.66,23.42,43.24
71,tractor,base,23.61,33.02,-9.41
71,tractor,withC,66.66,33.02,33.64
71,truck,base,23.61,23.61,-0.00
71,truck,withC,66.66,23.61,43.05
72,tractor,base,23.61,33.35,-9.74
72,tractor,withC,66.66,33.35,33.31
72,truck,base,23.61,23.81,-0.20
72,truck,withC,66.66,23.81,42.85
73,tractor,base,23.61,33.67,-10.06
73,tractor,withC,66.66,33.67,32.99
73,truck,base,23.61,24.00,-0.39
73,truck,withC,66.66,24.00,42.66
74,tractor,base,23.61,34.00,-10.39
74,tractor,withC,66.66,34.00,32.66
74,truck,base,23.61,24.20,-0.59
74,truck,withC,66.66,24.20,42.46
75,tractor,base,23.61,34.33,-10.72
75,tractor,withC,66.66,34.33,32.33
75,truck,base,23.61,24.39,-0.78
75,truck,withC,66.66,24.39,42.27
76,tractor,base,23.61,34.65,-11.04
76,tractor,withC,66.66,34.65,32.01
76,truck,base,23.61,24.58,-0.97
76,truck,withC,66.66,24.58,42.08
77,tractor,base,23.61,34.98,-11.37
77,tractor,withC,66.66,34.98,31.68
77,truck,base,23.61,24.78,-1.17
77,truck,withC,66.66,24.78,41.88
78,tractor,base,23.61,35.30,-11.69
78,tractor,withC,66.66,35.30,31.36
78,truck,base,23.61,24.97,-1.36
78,truck,withC,66.66,24.97,41.69
79,tractor,base,23.61,35.63,-12.02
79,tractor,withC,66.66,35.63,31.03
79,truck,base,23.61,25.16,-1.55
79,truck,withC,66.66,25.16,41.50
80,tractor,base,23.61,35.96,-12.35
80,tractor,withC,66.66,35.96,30.70
80,truck,base,23.61,25.36,-1.75
80,truck,withC,66.66,25.36,41.30
81,tractor,base,23.61,36.28,-12.67
81,tractor,withC,66.66,36.28,30.38
81,truck,base,23.61,25.55,-1.94
81,truck,withC,66.66,25.55,41.11
82,tractor,base,23.61,36.61,-13.00
82,tractor,withC,66.66,36.61,30.05
82,truck,base,23.61,25.74,-2.13
82,truck,withC,66.66,25.74,40.92
83,tractor,base,23.61,36.94,-13.33
83,tractor,withC,66.66,36.94,29.72
83,truck,base,23.61,25.94,-2.33
83,truck,withC,66.66,25.94,40.72
84,tractor,base,23.61,37.26,-13.65
84,tractor,withC,66.66,37.26,29.40
84,truck,base,23.61,26.13,-2.52
84,truck,withC,66.66,26.13,40.53
85,tractor,base,23.61,37.59,-13.98
85,tractor,withC,66.66,37.59,29.07
85,truck,base,23.61,26.32,-2.71
85,truck,withC,66.66,26.32,40.34
86,tractor,base,23.61,37.92,-14.31
86,tractor,withC,66.66,37.92,28.74
86,truck,base,23.61,26.52,-2.91
86,truck,withC,66.66,26.52,40.14
87,tractor,base,23.61,38.24,-14.63
87,tractor,withC,66.66,38.24,28.42
87,truck,base,23.61,26.71,-3.10
87,truck,withC,66.66,26.71,39.95
88,tractor,base,23.61,38.57,-14.96
88,tractor,withC,66.66,38.57,28.09
88,truck,base,23.61,26.90,-3.29
88,truck,withC,66.66,26.90,39.76
89,tractor,base,23.61,38.90,-15.29
89,tractor,withC,66.66,38.90,27.76
89,truck,base,23.61,27.10,-3.49
89,truck,withC,66.66,27.10,39.56
90,tractor,base,23.61,39.22,-15.61
90,tractor,withC,66.66,39.22,27.44
90,truck,base,23.61,27.29,-3.68
90,truck,withC,66.66,27.29,39.37
91,tractor,base,23.61,39.55,-15.94
91,tractor,withC,66.66,39.55,27.11
91,truck,base,23.61,27.48,-3.87
91,truck,withC,66.66,27.48,39.18
92,tractor,base,23.61,39.88,-16.27
92,tractor,withC,66.66,39.88,26.78
92,truck,base,23.61,27.68,-4.07
92,truck,withC,66.66,27.68,38.98
93,tractor,base,23.61,40.20,-16.59
93,tractor,withC,66.66,40.20,26.46
93,truck,base,23.61,27.87,-4.26
93,truck,withC,66.66,27.87,38.79
94,tractor,base,23.61,40.53,-16.92
94,tractor,withC,66.66,40.53,26.13
94,truck,base,23.61,28.06,-4.45
94,truck,withC,66.66,28.06,38.60
95,tractor,base,23.61,40.86,-17.25
95,tractor,withC,66.66,40.86,25.80
95,truck,base,23.61,28.26,-4.65
95,truck,withC,66.66,28.26,38.40
96,tractor,base,23.61,41.18,-17.57
96,tractor,withC,66.66,41.18,25.48
96,truck,base,23.61,28.45,-4.84
96,truck,withC,66.66,28.45,38.21
97,tractor,base,23.61,41.51,-17.90
97,tractor,withC,66.66,41.51,25.15
97,truck,base,23.61,28.64,-5.03
97,truck,withC,66.66,28.64,38.02
98,tractor,base,23.61,41.84,-18.23
98,tractor,withC,66.66,41.84,24.82
98,truck,base,23.61,28.84,-5.23
98,truck,withC,66.66,28.84,37.82
99,tractor,base,23.61,42.16,-18.55
99,tractor,withC,66.66,42.16,24.50
99,truck,base,23.61,29.03,-5.42
99,truck,withC,66.66,29.03,37.63
100,tractor,base,23.61,42.49,-18.88
100,tractor,withC,66.66,42.49,24.17
100,truck,base,23.61,29.22,-5.61
100,truck,withC,66.66,29.22,37.44
101,tractor,base,23.61,42.82,-19.21
101,tractor,withC,66.66,42.82,23.84
101,truck,base,23.61,29.42,-5.81
101,truck,withC,66.66,29.42,37.24
102,tractor,base,23.61,43.14,-19.53
102,tractor,withC,66.66,43.14,23.52
102,truck,base,23.61,29.61,-6.00
102,truck,withC,66.66,29.61,37.05
103,tractor,base,23.61,43.47,-19.86
103,tractor,withC,66.66,43.47,23.19
103,truck,base,23.61,29.80,-6.19
103,truck,withC,66.66,29.80,36.86
104,tractor,base,23.61,43.80,-20.19
104,tractor,withC,66.66,43.80,22.86
104,truck,base,23.61,30.00,-6.39
104,truck,withC,66.66,30.00,36.66
105,tractor,base,23.61,44.12,-20.51
105,tractor,withC,66.66,44.12,22.54
105,truck,base,23.61,30.19,-6.58
105,truck,withC,66.66,30.19,36.47
106,tractor,base,23.61,44.45,-20.84
106,tractor,withC,66.66,44.45,22.21
106,truck,base,23.61,30.38,-6.77
106,truck,withC,66.66,30.38,36.28
107,tractor,base,23.61,44.78,-21.17
107,tractor,withC,66.66,44.78,21.88
107,truck,base,23.61,30.58,-6.97
107,truck,withC,66.66,30.58,36.08
108,tractor,base,23.61,45.10,-21.49
108,tractor,withC,66.66,45.10,21.56
108,truck,base,23.61,30.77,-7.16
108,truck,withC,66.66,30.77,35.89
109,tractor,base,23.61,45.43,-21.82
109,tractor,withC,66.66,45.43,21.23
109,truck,base,23.61,30.96,-7.35
109,truck,withC,66.66,30.96,35.70
110,tractor,base,23.61,45.76,-22.15
110,tractor,withC,66.66,45.76,20.90
110,truck,base,23.61,31.16,-7.55
110,truck,withC,66.66,31.16,35.50
111,tractor,base,23.61,46.08,-22.47
111,tractor,withC,66.66,46.08,20.58
111,truck,base,23.61,31.35,-7.74
111,truck,withC,66.66,31.35,35.31
112,tractor,base,23.61,46.41,-22.80
112,tractor,withC,66.66,46.41,20.25
112,truck,base,23.61,31.54,-7.93
112,truck,withC,66.66,31.54,35.12
113,tractor,base,23.61,46.74,-23.13
113,tractor,withC,66.66,46.74,19.92
113,truck,base,23.61,31.74,-8.13
113,truck,withC,66.66,31.74,34.92
114,tractor,base,23.61,47.06,-23.45
114,tractor,withC,66.66,47.06,19.60
114,truck,base,23.61,31.93,-8.32
114,truck,withC,66.66,31.93,34.73
115,tractor,base,23.61,47.39,-23.78
115,tractor,withC,66.66,47.39,19.27
115,truck,base,23.61,32.12,-8.51
115,truck,withC,66.66,32.12,34.54
116,tractor,base,23.61,47.72,-24.11
116,tractor,withC,66.66,47.72,18.94
116,truck,base,23.61,32.32,-8.71
116,truck,withC,66.66,32.32,34.34
117,tractor,base,23.61,48.04,-24.43
117,tractor,withC,66.66,48.04,18.62
117,truck,base,23.61,32.51,-8.90
117,truck,withC,66.66,32.51,34.15
118,tractor,base,23.61,48.37,-24.76
118,tractor,withC,66.66,48.37,18.29
118,truck,base,23.61,32.70,-9.10
118,truck,withC,66.66,32.70,33.95
119,tractor,base,23.61,48.70,-25.09
119,tractor,withC,66.66,48.70,17.96
119,truck,base,23.61,32.90,-9.29
119,truck,withC,66.66,32.90,33.76
120,tractor,base,23.61,49.02,-25.41
120,tractor,withC,66.66,49.02,17.64
120,truck,base,23.61,33.09,-9.48
120,truck,withC,66.66,33.09,33.57
121,tractor,base,23.61,49.35,-25.74
121,tractor,withC,66.66,49.35,17.31
121,truck,base,23.61,33.29,-9.68
121,truck,withC,66.66,33.29,33.37
122,tractor,base,23.61,49.67,-26.06
122,tractor,withC,66.66,49.67,16.99
122,truck,base,23.61,33.48,-9.87
122,truck,withC,66.66,33.48,33.18
123,tractor,base,23.61,50.00,-26.39
123,tractor,withC,66.66,50.00,16.66
123,truck,base,23.61,33.67,-10.06
123,truck,withC,66.66,33.67,32.99
124,tractor,base,23.61,50.33,-26.72
124,tractor,withC,66.66,50.33,16.33
124,truck,base,23.61,33.87,-10.26
124,truck,withC,66.66,33.87,32.79
125,tractor,base,23.61,50.65,-27.04
125,tractor,withC,66.66,50.65,16.01
125,truck,base,23.61,34.06,-10.45
125,truck,withC,66.66,34.06,32.60
126,tractor,base,23.61,50.98,-27.37
126,tractor,withC,66.66,50.98,15.68
126,truck,base,23.61,34.25,-10.64
126,truck,withC,66.66,34.25,32.41
127,tractor,base,23.61,51.31,-27.70
127,tractor,withC,66.66,51.31,15.35
127,truck,base,23.61,34.45,-10.84
127,truck,withC,66.66,34.45,32.21
128,tractor,base,23.61,51.63,-28.02
128,tractor,withC,66.66,51.63,15.03
128,truck,base,23.61,34.64,-11.03
128,truck,withC,66.66,34.64,32.02
129,tractor,base,23.61,51.96,-28.35
129,tractor,withC,66.66,51.96,14.70
129,truck,base,23.61,34.83,-11.22
129,truck,withC,66.66,34.83,31.83
130,tractor,base,23.61,52.29,-28.68
130,tractor,withC,66.66,52.29,14.37
130,truck,base,23.61,35.03,-11.42
130,truck,withC,66.66,35.03,31.63
131,tractor,base,23.61,52.61,-29.00
131,tractor,withC,66.66,52.61,14.05
131,truck,base,23.61,35.22,-11.61
131,truck,withC,66.66,35.22,31.44
132,tractor,base,23.61,52.94,-29.33
132,tractor,withC,66.66,52.94,13.72
132,truck,base,23.61,35.41,-11.80
132,truck,withC,66.66,35.41,31.25
133,tractor,base,23.61,53.27,-29.66
133,tractor,withC,66.66,53.27,13.39
133,truck,base,23.61,35.61,-12.00
133,truck,withC,66.66,35.61,31.05
134,tractor,base,23.61,53.59,-29.98
134,tractor,withC,66.66,53.59,13.07
134,truck,base,23.61,35.80,-12.19
134,truck,withC,66.66,35.80,30.86
135,tractor,base,23.61,53.92,-30.31
135,tractor,withC,66.66,53.92,12.74
135,truck,base,23.61,35.99,-12.38
135,truck,withC,66.66,35.99,30.67
136,tractor,base,23.61,54.25,-30.64
136,tractor,withC,66.66,54.25,12.41
136,truck,base,23.61,36.19,-12.58
136,truck,withC,66.66,36.19,30.47
137,tractor,base,23.61,54.57,-30.96
137,tractor,withC,66.66,54.57,12.09
137,truck,base,23.61,36.38,-12.77
137,truck,withC,66.66,36.38,30.28
138,tractor,base,23.61,54.90,-31.29
138,tractor,withC,66.66,54.90,11.76
138,truck,base,23.61,36.57,-12.96
138,truck,withC,66.66,36.57,30.09
139,tractor,base,23.61,55.23,-31.62
139,tractor,withC,66.66,55.23,11.43
139,truck,base,23.61,36.77,-13.16
139,truck,withC,66.66,36.77,29.89
140,tractor,base,23.61,55.55,-31.94
140,tractor,withC,66.66,55.55,11.11
140,truck,base,23.61,36.96,-13.35
140,truck,withC,66.66,36.96,29.70
141,tractor,base,23.61,55.88,-32.27
141,tractor,withC,66.66,55.88,10.78
141,truck,base,23.61,37.15,-13.54
141,truck,withC,66.66,37.15,29.51
142,tractor,base,23.61,56.21,-32.60
142,tractor,withC,66.66,56.21,10.45
142,truck,base,23.61,37.35,-13.74
142,truck,withC,66.66,37.35,29.31
143,tractor,base,23.61,56.53,-32.92
143,tractor,withC,66.66,56.53,10.13
143,truck,base,23.61,37.54,-13.93
143,truck,withC,66.66,37.54,29.12
144,tractor,base,23.61,56.86,-33.25
144,tractor,withC,66.66,56.86,9.80
144,truck,base,23.61,37.73,-14.12
144,truck,withC,66.66,37.73,28.93
145,tractor,base,23.61,57.19,-33.58
145,tractor,withC,66.66,57.19,9.47
145,truck,base,23.61,37.93,-14.32
145,truck,withC,66.66,37.93,28.73
146,tractor,base,23.61,57.51,-33.90
146,tractor,withC,66.66,57.51,9.15
146,truck,base,23.61,38.12,-14.51
146,truck,withC,66.66,38.12,28.54
147,tractor,base,23.61,57.84,-34.23
147,tractor,withC,66.66,57.84,8.82
147,truck,base,23.61,38.31,-14.70
147,truck,withC,66.66,38.31,28.35
148,tractor,base,23.61,58.17,-34.56
148,tractor,withC,66.66,58.17,8.49
148,truck,base,23.61,38.51,-14.90
148,truck,withC,66.66,38.51,28.15
149,tractor,base,23.61,58.49,-34.88
149,tractor,withC,66.66,58.49,8.17
149,truck,base,23.61,38.70,-15.09
149,truck,withC,66.66,38.70,27.96
150,tractor,base,23.61,58.82,-35.21
150,tractor,withC,66.66,58.82,7.84
150,truck,base,23.61,38.89,-15.28
150,truck,withC,66.66,38.89,27.77
151,tractor,base,23.61,59.15,-35.54
151,tractor,withC,66.66,59.15,7.51
151,truck,base,23.61,39.09,-15.48
151,truck,withC,66.66,39.09,27.57
152,tractor,base,23.61,59.47,-35.86
152,tractor,withC,66.66,59.47,7.19
152,truck,base,23.61,39.28,-15.67
152,truck,withC,66.66,39.28,27.38
153,tractor,base,23.61,59.80,-36.19
153,tractor,withC,66.66,59.80,6.86
153,truck,base,23.61,39.47,-15.86
153,truck,withC,66.66,39.47,27.19
154,tractor,base,23.61,60.13,-36.52
154,tractor,withC,66.66,60.13,6.53
154,truck,base,23.61,39.67,-16.06
154,truck,withC,66.66,39.67,26.99
155,tractor,base,23.61,60.45,-36.84
155,tractor,withC,66.66,60.45,6.21
155,truck,base,23.61,39.86,-16.25
155,truck,withC,66.66,39.86,26.80
156,tractor,base,23.61,60.78,-37.17
156,tractor,withC,66.66,60.78,5.88
156,truck,base,23.61,40.05,-16.44
156,truck,withC,66.66,40.05,26.61
157,tractor,base,23.61,61.11,-37.50
157,tractor,withC,66.66,61.11,5.55
157,truck,base,23.61,40.25,-16.64
157,truck,withC,66.66,40.25,26.41
158,tractor,base,23.61,61.43,-37.82
158,tractor,withC,66.66,61.43,5.23
158,truck,base,23.61,40.44,-16.83
158,truck,withC,66.66,40.44,26.22
159,tractor,base,23.61,61.76,-38.15
159,tractor,withC,66.66,61.76,4.90
159,truck,base,23.61,40.63,-17.02
159,truck,withC,66.66,40.63,26.03
160,tractor,base,23.61,62.09,-38.48
160,tractor,withC,66.66,62.09,4.57
160,truck,base,23.61,40.83,-17.22
160,truck,withC,66.66,40.83,25.83
161,tractor,base,23.61,62.41,-38.80
161,tractor,withC,66.66,62.41,4.25
161,truck,base,23.61,41.02,-17.41
161,truck,withC,66.66,41.02,25.64
162,tractor,base,23.61,62.74,-39.13
162,tractor,withC,66.66,62.74,3.92
162,truck,base,23.61,41.21,-17.60
162,truck,withC,66.66,41.21,25.45
163,tractor,base,23.61,63.07,-39.46
163,tractor,withC,66.66,63.07,3.59
163,truck,base,23.61,41.41,-17.80
163,truck,withC,66.66,41.41,25.25
164,tractor,base,23.61,63.39,-39.78
164,tractor,withC,66.66,63.39,3.27
164,truck,base,23.61,41.60,-17.99
164,truck,withC,66.66,41.60,25.06
165,tractor,base,23.61,63.72,-40.11
165,tractor,withC,66.66,63.72,2.94
165,truck,base,23.61,41.80,-18.19
165,truck,withC,66.66,41.80,24.86
166,tractor,base,23.61,64.05,-40.44
166,tractor,withC,66.66,64.05,2.61
166,truck,base,23.61,41.99,-18.38
166,truck,withC,66.66,41.99,24.67
167,tractor,base,23.61,64.37,-40.76
167,tractor,withC,66.66,64.37,2.29
167,truck,base,23.61,42.18,-18.57
167,truck,withC,66.66,42.18,24.48
168,tractor,base,23.61,64.70,-41.09
168,tractor,withC,66.66,64.70,1.96
168,truck,base,23.61,42.38,-18.77
168,truck,withC,66.66,42.38,24.28
169,tractor,base,23.61,65.02,-41.41
169,tractor,withC,66.66,65.02,1.64
169,truck,base,23.61,42.57,-18.96
169,truck,withC,66.66,42.57,24.09
170,tractor,base,23.61,65.35,-41.74
170,tractor,withC,66.66,65.35,1.31
170,truck,base,23.61,42.76,-19.15
170,truck,withC,66.66,42.76,23.90
171,tractor,base,23.61,65.68,-42.07
171,tractor,withC,66.66,65.68,0.98
171,truck,base,23.61,42.96,-19.35
171,truck,withC,66.66,42.96,23.70
172,tractor,base,23.61,66.00,-42.39
172,tractor,withC,66.66,66.00,0.66
172,truck,base,23.61,43.15,-19.54
172,truck,withC,66.66,43.15,23.51
173,tractor,base,23.61,66.33,-42.72
173,tractor,withC,66.66,66.33,0.33
173,truck,base,23.61,43.34,-19.73
173,truck,withC,66.66,43.34,23.32
174,tractor,base,23.61,66.66,-43.05
174,tractor,withC,66.66,66.66,0.00
174,truck,base,23.61,43.54,-19.93
174,truck,withC,66.66,43.54,23.12
175,tractor,base,23.61,66.98,-43.37
175,tractor,withC,66.66,66.98,-0.32
175,truck,base,23.61,43.73,-20.12
175,truck,withC,66.66,43.73,22.93
176,tractor,base,23.61,67.31,-43.70
176,tractor,withC,66.66,67.31,-0.65
176,truck,base,23.61,43.92,-20.31
176,truck,withC,66.66,43.92,22.74
177,tractor,base,23.61,67.64,-44.03
177,tractor,withC,66.66,67.64,-0.98
177,truck,base,23.61,44.12,-20.51
177,truck,withC,66.66,44.12,22.54
178,tractor,base,23.61,67.96,-44.35
178,tractor,withC,66.66,67.96,-1.30
178,truck,base,23.61,44.31,-20.70
178,truck,withC,66.66,44.31,22.35
179,tractor,base,23.61,68.29,-44.68
179,tractor,withC,66.66,68.29,-1.63
179,truck,base,23.61,44.50,-20.89
179,truck,withC,66.66,44.50,22.16
180,tractor,base,23.61,68.62,-45.01
180,tractor,withC,66.66,68.62,-1.96
180,truck,base,23.61,44.70,-21.09
180,truck,withC,66.66,44.70,21.96
181,tractor,base,23.61,68.94,-45.33
181,tractor,withC,66.66,68.94,-2.28
181,truck,base,23.61,44.89,-21.28
181,truck,withC,66.66,44.89,21.77
182,tractor,base,23.61,69.27,-45.66
182,tractor,withC,66.66,69.27,-2.61
182,truck,base,23.61,45.08,-21.47
182,truck,withC,66.66,45.08,21.58
183,tractor,base,23.61,69.60,-45.99
183,tractor,withC,66.66,69.60,-2.94
183,truck,base,23.61,45.28,-21.67
183,truck,withC,66.66,45.28,21.38
184,tractor,base,23.61,69.92,-46.31
184,tractor,withC,66.66,69.92,-3.26
184,truck,base,23.61,45.47,-21.86
184,truck,withC,66.66,45.47,21.19
185,tractor,base,23.61,70.25,-46.64
185,tractor,withC,66.66,70.25,-3.59
185,truck,base,23.61,45.66,-22.05
185,truck,withC,66.66,45.66,21.00
186,tractor,base,23.61,70.58,-46.97
186,tractor,withC,66.66,70.58,-3.92
186,truck,base,23.61,45.86,-22.25
186,truck,withC,66.66,45.86,20.80
187,tractor,base,23.61,70.90,-47.29
187,tractor,withC,66.66,70.90,-4.24
187,truck,base,23.61,46.05,-22.44
187,truck,withC,66.66,46.05,20.61
188,tractor,base,23.61,71.23,-47.62
188,tractor,withC,66.66,71.23,-4.57
188,truck,base,23.61,46.24,-22.63
188,truck,withC,66.66,46.24,20.42
189,tractor,base,23.61,71.56,-47.95
189,tractor,withC,66.66,71.56,-4.90
189,truck,base,23.61,46.44,-22.83
189,truck,withC,66.66,46.44,20.22
190,tractor,base,23.61,71.88,-48.27
190,tractor,withC,66.66,71.88,-5.22
190,truck,base,23.61,46.63,-23.02
190,truck,withC,66.66,46.63,20.03
191,tractor,base,23.61,72.21,-48.60
191,tractor,withC,66.66,72.21,-5.55
191,truck,base,23.61,46.82,-23.21
191,truck,withC,66.66,46.82,19.84
192,tractor,base,23.61,72.54,-48.93
192,tractor,withC,66.66,72.54,-5.88
192,truck,base,23.61,47.02,-23.41
192,truck,withC,66.66,47.02,19.64
193,tractor,base,23.61,72.86,-49.25
193,tractor,withC,66.66,72.86,-6.20
193,truck,base,23.61,47.21,-23.60
193,truck,withC,66.66,47.21,19.45
194,tractor,base,23.61,73.19,-49.58
194,tractor,withC,66.66,73.19,-6.53
194,truck,base,23.61,47.40,-23.79
194,truck,withC,66.66,47.40,19.26
195,tractor,base,23.61,73.52,-49.91
195,tractor,withC,66.66,73.52,-6.86
195,truck,base,23.61,47.60,-23.99
195,truck,withC,66.66,47.60,19.06
196,tractor,base,23.61,73.84,-50.23
196,tractor,withC,66.66,73.84,-7.18
196,truck,base,23.61,47.79,-24.18
196,truck,withC,66.66,47.79,18.87
197,tractor,base,23.61,74.17,-50.56
197,tractor,withC,66.66,74.17,-7.51
197,truck,base,23.61,47.98,-24.37
197,truck,withC,66.66,47.98,18.68
198,tractor,base,23.61,74.50,-50.89
198,tractor,withC,66.66,74.50,-7.84
198,truck,base,23.61,48.18,-24.57
198,truck,withC,66.66,48.18,18.48
199,tractor,base,23.61,74.82,-51.21
199,tractor,withC,66.66,74.82,-8.16
199,truck,base,23.61,48.37,-24.76
199,truck,withC,66.66,48.37,18.29
200,tractor,base,23.61,75.15,-51.54
200,tractor,withC,66.66,75.15,-8.49
200,truck,base,23.61,48.56,-24.95
200,truck,withC,66.66,48.56,18.10
